{"cameraMode":{"drawMode":0,"name":"Shaded","section":"Shading Mode"},"sceneLighting":false,"audioPlay":false,"sceneViewState":{"showFog":true,"showMaterialUpdate":false,"showSkybox":false,"showFlares":true,"showImageEffects":true,"showParticleSystems":true},"in2DMode":false,"pivot":{"x":-0.20963528752326966,"y":-1.5385323762893677,"z":5.794500350952148},"rotation":{"x":0.19228126108646394,"y":-0.51206374168396,"z":0.11881662160158158,"w":0.8286744356155396},"size":0.8259280323982239,"orthographic":false}