{"cameraMode":{"drawMode":0,"name":"Shaded","section":"Shading Mode"},"sceneLighting":true,"audioPlay":false,"sceneViewState":{"showFog":true,"showMaterialUpdate":false,"showSkybox":true,"showFlares":true,"showImageEffects":true,"showParticleSystems":true},"in2DMode":false,"pivot":{"x":-17.39610481262207,"y":-16.381370544433595,"z":17.81678009033203},"rotation":{"x":-0.2943527102470398,"y":0.3312521278858185,"z":-0.1095898225903511,"w":-0.8897294998168945},"size":19.30369758605957,"orthographic":true}